patient_id,scenario_type,severity,ejection_fraction_pct,hr_start,hr_end,hr_rise,map_start,map_end,map_drop,co_start,co_end,co_drop_pct,stroke_volume_start,stroke_volume_end,compensation_flag,instability_flag,age,sex,bmi,nyha_class,risk_score,risk_bucket,maggic_score,maggic_bucket
P0228,acute_deterioration,0.266,21.3,72.0,149.0,77.0,78.0,57.0,21.0,4284.0,7678.0,-79.2250233426704,59.0,51.0,0.0,1.0,57.0,Female,25.2,III,0.7527,HIGH,23,MODERATE
P1430,acute_deterioration,0.483,22.1,72.0,162.0,90.0,79.0,60.0,19.0,4852.0,8749.0,-80.31739488870568,67.0,53.0,0.0,1.0,65.0,Male,32.3,III,0.7382,HIGH,25,MODERATE
P0878,acute_deterioration,0.22,32.3,72.0,150.0,78.0,78.0,60.0,18.0,4287.0,7407.0,-72.778166550035,59.0,49.0,0.0,1.0,67.3,Female,26.0,II,0.7309,HIGH,20,MODERATE
P1480,acute_deterioration,0.046,22.2,72.0,108.0,36.0,78.0,67.0,11.0,4812.0,7150.0,-48.58686616791355,66.0,65.0,1.0,0.0,74.9,Male,28.2,II,0.5273,MODERATE,25,MODERATE
P1938,acute_deterioration,0.846,30.9,72.0,166.0,94.0,79.0,62.0,17.0,4864.0,9340.0,-92.02302631578948,67.0,56.0,0.0,1.0,59.4,Male,26.5,IV,0.7236,HIGH,23,MODERATE
P0506,acute_deterioration,0.598,30.0,72.0,162.0,90.0,78.0,56.0,22.0,4685.0,9035.0,-92.8495197438634,64.0,55.0,0.0,1.0,95.0,Male,21.7,III,0.76,HIGH,33,HIGH
P0544,acute_deterioration,0.594,21.4,72.0,162.0,90.0,79.0,60.0,19.0,4859.0,8892.0,-83.00061741098992,67.0,54.0,0.0,1.0,65.2,Male,36.9,III,0.7382,HIGH,25,MODERATE
P1147,acute_deterioration,0.708,28.0,72.0,163.0,91.0,79.0,60.0,19.0,4839.0,9153.0,-89.15065096094234,67.0,55.0,0.0,1.0,63.4,Male,30.9,IV,0.7382,HIGH,24,MODERATE
P0408,acute_deterioration,0.148,23.0,72.0,95.0,23.0,77.0,61.0,16.0,4070.0,6302.0,-54.840294840294845,56.0,65.0,1.0,1.0,41.4,Female,14.2,III,0.5636,MODERATE,26,HIGH
P0000,acute_deterioration,0.207,34.8,72.0,121.0,49.0,79.0,66.0,13.0,4859.0,7709.0,-58.654044041983944,67.0,63.0,0.0,0.0,72.9,Male,28.5,III,0.4909,MODERATE,27,HIGH
P0754,acute_deterioration,0.221,32.7,72.0,127.0,55.0,77.0,55.0,22.0,3881.0,7052.0,-81.70574594176759,53.0,55.0,1.0,1.0,93.2,Female,16.2,II,0.5636,MODERATE,30,HIGH
P0886,acute_deterioration,0.282,24.7,72.0,110.0,38.0,78.0,56.0,22.0,4592.0,8088.0,-76.13240418118467,63.0,73.0,1.0,1.0,85.8,Male,16.1,II,0.5273,MODERATE,32,HIGH
P1834,cardiac_stress,0.454,51.1,71.0,162.0,91.0,95.0,67.0,28.0,5895.0,9815.0,-66.49703138252757,81.0,60.0,0.0,0.0,76.7,Male,28.7,III,0.5,MODERATE,27,HIGH
P0183,cardiac_stress,0.244,55.2,71.0,162.0,91.0,95.0,63.0,32.0,5841.0,10088.0,-72.71015237116933,81.0,62.0,0.0,1.0,83.9,Male,34.9,II,0.8,HIGH,24,MODERATE
P1046,cardiac_stress,0.18,59.9,71.0,159.0,88.0,95.0,63.0,32.0,5266.0,9332.0,-77.21230535510824,73.0,58.0,0.0,1.0,61.3,Female,27.4,II,0.8,HIGH,15,LOW
P0882,cardiac_stress,0.023,60.8,71.0,135.0,64.0,95.0,73.0,22.0,4937.0,7934.0,-60.70488150698805,68.0,58.0,0.0,0.0,53.5,Female,15.0,I,0.46,MODERATE,11,LOW
P0641,cardiac_stress,0.172,64.0,71.0,154.0,83.0,95.0,71.0,24.0,5822.0,9640.0,-65.57883888698042,80.0,62.0,0.0,0.0,78.3,Male,27.7,I,0.4745,MODERATE,21,MODERATE
P1762,cardiac_stress,0.113,55.2,71.0,153.0,82.0,95.0,72.0,23.0,5267.0,8662.0,-64.45794569963927,73.0,56.0,0.0,0.0,60.1,Female,36.0,I,0.4673,MODERATE,11,LOW
P1220,cardiac_stress,0.217,50.7,71.0,162.0,91.0,95.0,65.0,30.0,5852.0,9991.0,-70.72795625427204,81.0,61.0,0.0,0.0,68.1,Male,31.1,II,0.5,MODERATE,16,LOW
P0401,cardiac_stress,0.007,56.7,71.0,137.0,66.0,95.0,76.0,19.0,5605.0,9009.0,-60.73148974130241,77.0,65.0,0.0,0.0,71.4,Male,22.4,I,0.4382,MODERATE,19,LOW
P0763,cardiac_stress,0.248,59.3,71.0,162.0,91.0,95.0,68.0,27.0,5957.0,9951.0,-67.04717139499749,82.0,61.0,0.0,0.0,77.5,Male,32.2,II,0.4964,MODERATE,21,MODERATE
P0430,cardiac_stress,0.304,57.0,71.0,169.0,98.0,95.0,70.0,25.0,5907.0,10167.0,-72.11782630777044,82.0,59.0,0.0,0.0,54.4,Male,37.1,II,0.4818,MODERATE,9,LOW
P1656,cardiac_stress,0.358,67.2,71.0,162.0,91.0,95.0,68.0,27.0,5896.0,9829.0,-66.70624151967436,81.0,60.0,0.0,0.0,74.1,Male,38.7,II,0.4964,MODERATE,18,LOW
P0936,cardiac_stress,0.265,39.8,72.0,128.0,56.0,79.0,57.0,22.0,4874.0,7892.0,-61.92039392695937,67.0,61.0,0.0,1.0,52.9,Male,41.4,II,0.71,HIGH,12,LOW
P0122,cardiac_stress,0.085,69.7,71.0,131.0,60.0,95.0,81.0,14.0,5809.0,8692.0,-49.62988466173179,80.0,66.0,0.0,0.0,71.7,Male,48.6,I,0.3518,MODERATE,16,LOW
P1924,cardiac_stress,0.147,54.3,71.0,151.0,80.0,95.0,69.0,26.0,5665.0,9776.0,-72.5684024713151,78.0,64.0,0.0,0.0,68.0,Male,22.1,I,0.4891,MODERATE,17,LOW
P0709,deconditioning,0.058,53.2,71.0,74.0,3.0,95.0,94.0,1.0,5075.0,4894.0,3.5665024630541873,70.0,65.0,0.0,0.0,77.6,Female,15.2,I,0.181,LOW,23,MODERATE
P1097,cardiac_stress,0.077,58.8,71.0,140.0,69.0,95.0,77.0,18.0,5343.0,8083.0,-51.28205128205128,74.0,57.0,0.0,0.0,75.5,Female,29.2,I,0.4309,MODERATE,20,MODERATE
P0458,deconditioning,0.219,63.5,71.0,72.0,1.0,95.0,95.0,0.0,5207.0,5193.0,0.2688688304205877,72.0,71.0,1.0,0.0,73.3,Female,21.5,II,0.0018,LOW,20,MODERATE
P1964,deconditioning,0.59,61.2,71.0,62.0,-9.0,95.0,92.0,3.0,5231.0,5087.0,2.752819728541388,72.0,81.0,1.0,0.0,58.6,Female,27.7,III,0.0402,LOW,17,LOW
P1378,deconditioning,0.289,45.1,71.0,61.0,-10.0,95.0,92.0,3.0,5764.0,5385.0,6.575294934073559,80.0,87.0,1.0,0.0,72.7,Male,23.8,II,0.0657,LOW,21,MODERATE
P0877,deconditioning,0.496,55.9,71.0,75.0,4.0,95.0,95.0,0.0,5771.0,5823.0,-0.9010570091838502,80.0,77.0,1.0,0.0,65.7,Male,39.6,III,0.0,LOW,20,MODERATE
P1548,deconditioning,0.815,45.3,71.0,60.0,-11.0,95.0,89.0,6.0,5423.0,5133.0,5.347593582887701,75.0,84.0,1.0,0.0,76.3,Male,14.9,III,0.0793,LOW,31,HIGH
P0216,deconditioning,0.632,32.9,72.0,59.0,-13.0,78.0,75.0,3.0,4368.0,4232.0,3.1135531135531136,60.0,70.0,1.0,0.0,76.1,Female,30.0,III,0.5273,MODERATE,26,HIGH
P0699,deconditioning,0.763,36.9,72.0,59.0,-13.0,79.0,75.0,4.0,4940.0,4744.0,3.967611336032389,68.0,79.0,1.0,0.0,66.0,Male,35.5,III,0.4909,MODERATE,22,MODERATE
P1200,deconditioning,0.774,48.2,71.0,60.0,-11.0,95.0,89.0,6.0,5656.0,5421.0,4.154879773691655,78.0,90.0,1.0,0.0,50.6,Male,20.8,IV,0.0713,LOW,18,LOW
P0935,deconditioning,0.838,42.3,71.0,60.0,-11.0,94.0,88.0,6.0,4844.0,4635.0,4.314616019818332,67.0,76.0,1.0,0.0,76.8,Female,17.1,IV,0.0724,LOW,31,HIGH
P1319,deconditioning,0.614,48.4,71.0,61.0,-10.0,95.0,91.0,4.0,5824.0,5638.0,3.1936813186813184,80.0,91.0,1.0,0.0,85.1,Male,24.6,III,0.0504,LOW,31,HIGH
P1088,deconditioning,0.336,47.5,71.0,63.0,-8.0,95.0,92.0,3.0,5877.0,5632.0,4.168793602177982,81.0,89.0,1.0,0.0,77.7,Male,32.4,II,0.0496,LOW,21,MODERATE
P1547,deconditioning,0.577,58.3,71.0,61.0,-10.0,95.0,92.0,3.0,5206.0,5016.0,3.64963503649635,72.0,81.0,1.0,0.0,57.7,Female,34.6,III,0.0461,LOW,15,LOW
P0258,deconditioning,0.401,62.6,71.0,74.0,3.0,95.0,95.0,0.0,5850.0,5869.0,-0.3247863247863248,81.0,79.0,1.0,0.0,66.9,Male,28.4,II,0.0,LOW,18,LOW
P1133,deconditioning,0.933,43.2,71.0,59.0,-12.0,95.0,88.0,7.0,5909.0,5575.0,5.652394652225419,82.0,93.0,1.0,0.0,87.7,Male,27.6,IV,0.0886,LOW,32,HIGH
P0330,deconditioning,0.739,48.2,71.0,60.0,-11.0,95.0,90.0,5.0,5795.0,5549.0,4.245038826574634,80.0,92.0,1.0,0.0,89.5,Male,24.1,III,0.0647,LOW,31,HIGH
P0793,deconditioning,0.731,50.4,71.0,60.0,-11.0,95.0,90.0,5.0,5486.0,5271.0,3.919066715275246,76.0,87.0,1.0,0.0,74.1,Male,13.2,IV,0.0625,LOW,30,HIGH
P1680,deconditioning,0.223,59.0,71.0,72.0,1.0,95.0,95.0,0.0,4942.0,4920.0,0.4451639012545528,68.0,68.0,1.0,0.0,48.1,Female,17.9,II,0.003,LOW,13,LOW
P1560,deconditioning,0.65,42.9,71.0,61.0,-10.0,95.0,91.0,4.0,5790.0,5563.0,3.9205526770293617,80.0,89.0,1.0,0.0,63.3,Male,45.9,III,0.0552,LOW,18,LOW
P0860,deconditioning,0.381,43.4,71.0,61.0,-10.0,95.0,91.0,4.0,5281.0,4985.0,5.604999053209619,73.0,81.0,1.0,0.0,55.2,Female,28.2,III,0.0665,LOW,17,LOW
P0059,deconditioning,0.011,71.4,71.0,70.0,-1.0,95.0,95.0,0.0,5271.0,5230.0,0.7778410168848415,73.0,73.0,1.0,0.0,82.0,Female,26.2,I,0.0052,LOW,23,MODERATE
P0792,deconditioning,0.73,39.4,72.0,59.0,-13.0,78.0,75.0,3.0,4746.0,4559.0,3.9401601348504,65.0,76.0,1.0,0.0,75.7,Male,23.4,IV,0.5273,MODERATE,31,HIGH
P0193,deconditioning,0.178,46.9,71.0,62.0,-9.0,95.0,92.0,3.0,5772.0,5384.0,6.722106722106721,80.0,86.0,1.0,0.0,88.8,Male,32.7,II,0.0666,LOW,24,MODERATE
P0079,deconditioning,0.175,46.7,71.0,62.0,-9.0,95.0,92.0,3.0,5849.0,5454.0,6.753291160882203,81.0,87.0,1.0,0.0,64.5,Male,31.9,II,0.0668,LOW,14,LOW
P0410,deconditioning,0.795,56.0,71.0,60.0,-11.0,95.0,89.0,6.0,5854.0,5584.0,4.612230953194397,81.0,91.0,1.0,0.0,48.4,Male,35.7,III,0.0744,LOW,13,LOW
P0727,deconditioning,0.876,37.7,72.0,58.0,-14.0,78.0,73.0,5.0,4354.0,4187.0,3.835553514010106,60.0,71.0,1.0,0.0,79.3,Female,24.8,III,0.5273,MODERATE,28,HIGH
P0264,deconditioning,0.707,45.1,71.0,60.0,-11.0,95.0,90.0,5.0,5302.0,5113.0,3.5646925688419464,73.0,84.0,1.0,0.0,75.2,Female,29.7,III,0.0601,LOW,26,HIGH
P0351,deconditioning,0.472,49.4,71.0,74.0,3.0,95.0,95.0,0.0,5843.0,5873.0,-0.5134348793428034,81.0,78.0,1.0,0.0,80.3,Male,32.3,III,0.0,LOW,28,HIGH
P0452,deconditioning,0.323,53.5,71.0,73.0,2.0,95.0,94.0,1.0,5868.0,5897.0,-0.4942058623040218,81.0,79.0,1.0,0.0,95.0,Male,29.9,II,0.0073,LOW,26,HIGH
P1706,deconditioning,0.916,44.0,71.0,59.0,-12.0,95.0,88.0,7.0,5800.0,5496.0,5.241379310344827,80.0,91.0,1.0,0.0,62.5,Male,26.1,IV,0.0859,LOW,22,MODERATE
P0127,fluid_overload,0.3,32.6,72.0,69.0,-3.0,79.0,79.0,0.0,4858.0,5097.0,-4.919720049403047,67.0,73.0,1.0,0.0,52.4,Male,48.0,III,0.4909,MODERATE,17,LOW
P1435,fluid_overload,0.46,26.5,72.0,69.0,-3.0,78.0,78.0,0.0,4766.0,5108.0,-7.175828787242971,66.0,73.0,1.0,0.0,67.6,Male,24.1,III,0.5273,MODERATE,27,HIGH
P1289,fluid_overload,0.964,31.4,72.0,70.0,-2.0,79.0,79.0,0.0,4858.0,5492.0,-13.050638122684234,67.0,77.0,1.0,0.0,80.0,Male,34.9,IV,0.4909,MODERATE,32,HIGH
P1047,fluid_overload,0.745,23.4,72.0,70.0,-2.0,78.0,78.0,0.0,4382.0,4904.0,-11.912368781378364,60.0,69.0,1.0,0.0,76.2,Female,33.8,IV,0.5273,MODERATE,30,HIGH
P1678,fluid_overload,0.403,27.7,72.0,69.0,-3.0,78.0,78.0,0.0,4786.0,5087.0,-6.289176765566235,66.0,72.0,1.0,0.0,58.8,Male,40.5,III,0.5273,MODERATE,21,MODERATE
P1305,fluid_overload,0.792,22.0,72.0,70.0,-2.0,79.0,79.0,0.0,4828.0,5432.0,-12.510356255178127,66.0,77.0,1.0,0.0,34.7,Male,38.2,IV,0.4909,MODERATE,23,MODERATE
P0187,fluid_overload,0.99,22.2,72.0,70.0,-2.0,79.0,79.0,0.0,4907.0,5572.0,-13.55206847360913,68.0,78.0,1.0,0.0,51.9,Male,38.0,IV,0.4909,MODERATE,23,MODERATE
P1438,fluid_overload,0.461,24.8,72.0,69.0,-3.0,79.0,79.0,0.0,4825.0,5169.0,-7.129533678756476,66.0,74.0,1.0,0.0,51.6,Male,22.9,III,0.4909,MODERATE,24,MODERATE
P0850,fluid_overload,0.333,31.3,72.0,69.0,-3.0,79.0,79.0,0.0,4841.0,5099.0,-5.329477380706465,67.0,73.0,1.0,0.0,63.8,Male,27.1,III,0.4909,MODERATE,23,MODERATE
P0115,fluid_overload,0.738,29.2,72.0,70.0,-2.0,78.0,78.0,0.0,4689.0,5235.0,-11.64427383237364,64.0,74.0,1.0,0.0,61.5,Male,21.0,IV,0.5273,MODERATE,27,HIGH
P0334,fluid_overload,0.871,17.1,72.0,70.0,-2.0,78.0,78.0,0.0,4416.0,5036.0,-14.03985507246377,61.0,71.0,1.0,0.0,69.2,Female,36.3,IV,0.5273,MODERATE,27,HIGH
P1141,fluid_overload,0.284,31.5,72.0,69.0,-3.0,77.0,77.0,0.0,3902.0,4190.0,-7.380830343413634,53.0,59.0,1.0,0.0,36.9,Female,17.0,III,0.5636,MODERATE,21,MODERATE
P1632,fluid_overload,0.003,33.0,72.0,69.0,-3.0,78.0,78.0,0.0,4425.0,4476.0,-1.152542372881356,61.0,63.0,1.0,0.0,70.7,Female,32.9,II,0.5273,MODERATE,20,MODERATE
P0311,fluid_overload,0.984,16.7,72.0,70.0,-2.0,79.0,79.0,0.0,4877.0,5538.0,-13.553413984006562,67.0,78.0,1.0,0.0,74.7,Male,27.2,IV,0.4909,MODERATE,32,HIGH
P1829,fluid_overload,0.503,17.9,72.0,70.0,-2.0,77.0,77.0,0.0,3903.0,4242.0,-8.685626441199078,53.0,60.0,1.0,0.0,65.6,Female,15.9,III,0.5636,MODERATE,30,HIGH
P1472,fluid_overload,0.345,38.2,72.0,69.0,-3.0,78.0,78.0,0.0,4670.0,4930.0,-5.567451820128479,64.0,70.0,1.0,0.0,68.5,Male,19.0,III,0.5273,MODERATE,27,HIGH
P0509,fluid_overload,0.553,36.1,72.0,69.0,-3.0,79.0,79.0,0.0,4876.0,5290.0,-8.49056603773585,67.0,75.0,1.0,0.0,75.1,Male,29.6,III,0.4909,MODERATE,28,HIGH
P0110,fluid_overload,0.848,19.8,72.0,71.0,-1.0,77.0,77.0,0.0,4002.0,4469.0,-11.669165417291351,55.0,62.0,1.0,0.0,74.7,Female,15.3,IV,0.5636,MODERATE,34,HIGH
P0940,fluid_overload,0.49,33.1,72.0,69.0,-3.0,78.0,78.0,0.0,4644.0,5000.0,-7.665805340223946,64.0,71.0,1.0,0.0,71.6,Male,21.9,III,0.5273,MODERATE,28,HIGH
P1524,fluid_overload,0.423,28.5,72.0,69.0,-3.0,78.0,78.0,0.0,4632.0,4938.0,-6.60621761658031,64.0,70.0,1.0,0.0,62.9,Male,20.9,III,0.5273,MODERATE,25,MODERATE
P0177,fluid_overload,0.737,15.0,72.0,70.0,-2.0,78.0,78.0,0.0,4767.0,5324.0,-11.684497587581289,66.0,75.0,1.0,0.0,70.9,Male,25.8,IV,0.5273,MODERATE,32,HIGH
P0302,fluid_overload,0.903,15.0,72.0,70.0,-2.0,78.0,78.0,0.0,4387.0,4988.0,-13.699566902211076,60.0,70.0,1.0,0.0,80.6,Female,33.7,IV,0.5273,MODERATE,33,HIGH
P1170,fluid_overload,0.882,21.8,72.0,70.0,-2.0,78.0,78.0,0.0,4283.0,4787.0,-11.767452720056037,59.0,67.0,1.0,0.0,52.9,Female,31.3,IV,0.5273,MODERATE,22,MODERATE
P0172,fluid_overload,0.607,43.5,71.0,69.0,-2.0,94.0,95.0,-1.0,4879.0,5645.0,-15.69993851199016,67.0,81.0,1.0,0.0,62.5,Female,16.1,III,0.0,LOW,22,MODERATE
P0633,fluid_overload,0.135,28.6,72.0,69.0,-3.0,78.0,78.0,0.0,4367.0,4486.0,-2.724982825738494,60.0,64.0,1.0,0.0,42.1,Female,36.4,II,0.5273,MODERATE,15,LOW
P1940,fluid_overload,0.893,29.1,72.0,70.0,-2.0,78.0,78.0,0.0,4786.0,5430.0,-13.455913079816131,66.0,76.0,1.0,0.0,51.2,Male,20.3,IV,0.5273,MODERATE,25,MODERATE
P1109,fluid_overload,0.342,28.2,72.0,69.0,-3.0,79.0,79.0,0.0,4931.0,5201.0,-5.47556276617319,68.0,74.0,1.0,0.0,80.3,Male,34.9,III,0.4909,MODERATE,30,HIGH
P1859,fluid_overload,0.574,16.7,72.0,70.0,-2.0,78.0,78.0,0.0,4576.0,4996.0,-9.178321678321678,63.0,71.0,1.0,0.0,49.5,Male,17.2,III,0.5273,MODERATE,27,HIGH
P0002,fluid_overload,0.669,35.9,72.0,70.0,-2.0,79.0,79.0,0.0,4816.0,5315.0,-10.361295681063124,66.0,75.0,1.0,0.0,79.0,Male,25.6,III,0.4909,MODERATE,28,HIGH
P1092,fluid_overload,0.179,32.0,72.0,69.0,-3.0,78.0,78.0,0.0,4779.0,4937.0,-3.306130989746809,66.0,70.0,1.0,0.0,79.6,Male,35.5,II,0.5273,MODERATE,23,MODERATE
P1584,stable,0.053,61.4,71.0,71.0,0.0,95.0,95.0,0.0,5827.0,5782.0,0.7722670327784451,80.0,81.0,1.0,0.0,67.1,Male,30.0,I,0.0051,LOW,14,LOW
P0788,stable,0.057,59.9,71.0,70.0,-1.0,95.0,95.0,0.0,5232.0,5182.0,0.95565749235474,72.0,73.0,1.0,0.0,53.9,Female,31.3,I,0.0064,LOW,6,LOW
P1898,stable,0.075,63.9,71.0,70.0,-1.0,95.0,95.0,0.0,5332.0,5289.0,0.8064516129032258,74.0,74.0,1.0,0.0,62.5,Female,37.5,I,0.0054,LOW,11,LOW
P1004,stable,0.001,66.1,71.0,70.0,-1.0,95.0,95.0,0.0,5470.0,5422.0,0.8775137111517367,75.0,76.0,1.0,0.0,68.8,Male,13.9,I,0.0059,LOW,20,MODERATE
P0835,stable,0.108,60.7,71.0,71.0,0.0,95.0,95.0,0.0,5877.0,5834.0,0.7316658158924622,81.0,82.0,1.0,0.0,56.4,Male,40.2,I,0.0049,LOW,10,LOW
P1135,stable,0.096,55.9,71.0,70.0,-1.0,95.0,95.0,0.0,5164.0,5108.0,1.0844306738962044,71.0,72.0,1.0,0.0,86.4,Female,24.7,I,0.0072,LOW,24,MODERATE
P1248,stable,0.041,64.4,71.0,71.0,0.0,95.0,95.0,0.0,5897.0,5854.0,0.7291843310157707,81.0,82.0,1.0,0.0,66.4,Male,29.6,I,0.0049,LOW,16,LOW
P1876,stable,0.055,66.5,71.0,71.0,0.0,95.0,95.0,0.0,5351.0,5310.0,0.7662119230050458,74.0,74.0,1.0,0.0,78.7,Female,29.3,I,0.0051,LOW,20,MODERATE
P1517,stable,0.055,59.6,71.0,70.0,-1.0,95.0,94.0,1.0,5114.0,5120.0,-0.1173249902229174,71.0,72.0,1.0,0.0,86.7,Female,20.3,I,0.0073,LOW,24,MODERATE
P0275,stable,0.055,57.2,71.0,70.0,-1.0,95.0,95.0,0.0,5604.0,5544.0,1.070663811563169,77.0,78.0,1.0,0.0,74.0,Male,16.0,I,0.0071,LOW,21,MODERATE
P1267,stable,0.073,55.9,71.0,70.0,-1.0,95.0,95.0,0.0,5773.0,5723.0,0.8661008141347654,80.0,80.0,1.0,0.0,77.8,Male,23.6,II,0.0058,LOW,24,MODERATE
P1037,stable,0.132,57.8,71.0,70.0,-1.0,95.0,95.0,0.0,5097.0,5102.0,-0.0980969197567196,70.0,72.0,1.0,0.0,61.1,Female,23.7,II,0.0,LOW,16,LOW
P1291,stable,0.142,55.2,71.0,71.0,0.0,95.0,95.0,0.0,5923.0,5881.0,0.7091001181833531,82.0,82.0,1.0,0.0,62.7,Male,31.5,II,0.0047,LOW,14,LOW
P0538,stable,0.078,55.7,71.0,71.0,0.0,95.0,95.0,0.0,5901.0,5859.0,0.7117437722419928,81.0,82.0,1.0,0.0,35.8,Male,26.1,I,0.0047,LOW,9,LOW
P0104,stable,0.006,60.4,71.0,70.0,-1.0,95.0,95.0,0.0,5752.0,5700.0,0.9040333796940196,79.0,80.0,1.0,0.0,55.9,Male,22.3,I,0.006,LOW,13,LOW
P1212,stable,0.103,54.0,71.0,71.0,0.0,95.0,95.0,0.0,5826.0,5778.0,0.8238928939237898,80.0,81.0,1.0,0.0,66.2,Male,43.5,I,0.0055,LOW,14,LOW
P0317,stable,0.009,67.2,71.0,71.0,0.0,95.0,95.0,0.0,5864.0,5820.0,0.7503410641200546,81.0,81.0,1.0,0.0,59.1,Male,33.7,I,0.005,LOW,10,LOW
P1648,stable,0.016,62.5,71.0,71.0,0.0,95.0,95.0,0.0,5845.0,5799.0,0.7869974337040205,81.0,81.0,1.0,0.0,66.3,Male,24.3,I,0.0052,LOW,17,LOW
P0251,stable,0.052,62.8,71.0,70.0,-1.0,94.0,95.0,-1.0,4887.0,4930.0,-0.8798854102721507,67.0,69.0,1.0,0.0,73.4,Female,15.8,I,0.0,LOW,20,MODERATE
P1125,stable,0.024,53.4,71.0,70.0,-1.0,95.0,95.0,0.0,5287.0,5240.0,0.8889729525250615,73.0,73.0,1.0,0.0,65.0,Female,32.0,II,0.0059,LOW,15,LOW
P1933,stable,0.016,58.5,71.0,70.0,-1.0,95.0,95.0,0.0,5580.0,5517.0,1.129032258064516,77.0,78.0,1.0,0.0,86.5,Male,15.3,I,0.0075,LOW,27,HIGH
P0700,stable,0.062,61.5,71.0,70.0,-1.0,95.0,95.0,0.0,5241.0,5192.0,0.9349360809005915,72.0,73.0,1.0,0.0,84.0,Female,28.4,I,0.0062,LOW,23,MODERATE
P0973,stable,0.007,63.8,71.0,71.0,0.0,95.0,95.0,0.0,5937.0,5897.0,0.6737409466060299,82.0,82.0,1.0,0.0,77.2,Male,30.2,I,0.0045,LOW,19,LOW
P1570,stable,0.11,65.0,71.0,70.0,-1.0,95.0,95.0,0.0,5322.0,5279.0,0.807966929725667,73.0,74.0,1.0,0.0,69.1,Female,34.8,I,0.0054,LOW,13,LOW
P1269,stable,0.093,57.9,71.0,70.0,-1.0,95.0,95.0,0.0,5762.0,5712.0,0.8677542519958347,80.0,80.0,1.0,0.0,76.9,Male,33.9,II,0.0058,LOW,21,MODERATE
P0405,stable,0.02,57.4,71.0,70.0,-1.0,95.0,95.0,0.0,5289.0,5243.0,0.8697296275288334,73.0,73.0,1.0,0.0,65.1,Female,27.0,I,0.0058,LOW,15,LOW
P0858,stable,0.098,59.6,71.0,70.0,-1.0,95.0,95.0,0.0,5319.0,5276.0,0.8084226358338032,73.0,74.0,1.0,0.0,42.1,Female,30.6,II,0.0054,LOW,8,LOW
P0077,stable,0.002,59.5,71.0,71.0,0.0,95.0,95.0,0.0,5870.0,5825.0,0.7666098807495741,81.0,81.0,1.0,0.0,70.9,Male,28.9,I,0.0051,LOW,18,LOW
P0753,stable,0.126,65.5,71.0,70.0,-1.0,95.0,95.0,0.0,5207.0,5155.0,0.9986556558478972,72.0,72.0,1.0,0.0,95.0,Female,25.0,I,0.0067,LOW,23,MODERATE
P1927,stable,0.111,61.7,71.0,71.0,0.0,95.0,95.0,0.0,5939.0,5897.0,0.7071897625862941,82.0,82.0,1.0,0.0,54.8,Male,35.3,I,0.0047,LOW,7,LOW
