set,gu_index_1based,run_no,final,condition,hr_baseline_bpm,bp_original_sys,bp_original_dia,bp_used_sys,bp_used_dia,bp_moved,stroke_volume_multiplier,target_ef_pct,crashed,fatal_marker_lines,error,wall_clock_s,real_ef_pct,real_hr_bpm,real_map_mmhg,real_co_l_min,real_co_fick_l_min,real_sv_td_ml,real_sv_fick_ml,twin_ef_pct,twin_edv_ml,twin_esv_ml,twin_sv_ml,twin_map_mmhg,twin_sbp_mmhg,twin_dbp_mmhg,twin_map_formula_mmhg,twin_co_l_min,twin_hr_bpm,settled,max_drift_pct,ef_gap_points,ef_within_tol,err_ef_pct,err_hr_pct,err_map_formula_pct,err_sv_td_pct,err_sv_fick_pct,err_co_pct,err_co_fick_pct,mean_abs_err_pct
original,295,1,True,True,78.0,127.5,67.5,120.0,67.5,True,1.0,25.0,False,,,81.5,25.0,78.0,87.5,3.4,4.63,43.59,59.36,24.613,257.381,194.033,63.347,78.09,101.82,56.86,71.85,4.92,77.662,True,0.28,-0.39,True,-1.5,-0.4,-17.9,45.3,6.7,44.7,6.3,22.0
original,136,1,False,True,54.5,101.0,63.0,101.0,63.0,False,1.2255,40.0,False,,,106.6,40.0,54.5,75.67,4.53,3.02,83.12,55.41,47.533,207.025,108.62,98.406,70.666,90.28,50.04,63.46,4.527,46.0,True,0.3,7.53,False,18.8,-15.6,-16.1,18.4,77.6,-0.1,49.9,13.8
original,136,2,False,True,54.5,101.0,63.0,101.0,63.0,False,0.9127,40.0,False,,,107.3,40.0,54.5,75.67,4.53,3.02,83.12,55.41,29.633,239.283,168.377,70.907,70.076,86.18,54.74,65.22,4.012,56.575,False,3.73,-10.37,False,-25.9,3.8,-13.8,-14.7,28.0,-11.4,32.8,13.9
original,136,3,True,True,54.5,101.0,63.0,101.0,63.0,False,1.0691,40.0,False,,,106.9,40.0,54.5,75.67,4.53,3.02,83.12,55.41,37.848,223.047,138.628,84.417,70.403,88.48,52.45,64.46,4.296,50.886,True,0.08,-2.15,False,-5.4,-6.6,-14.8,1.6,52.3,-5.2,42.3,6.7
original,136,4,False,True,54.5,101.0,63.0,101.0,63.0,False,1.1473,40.0,False,,,107.2,40.0,54.5,75.67,4.53,3.02,83.12,55.41,42.875,214.182,122.352,91.84,70.573,89.53,51.0,63.85,4.412,48.037,True,0.33,2.88,False,7.2,-11.9,-15.6,10.5,65.7,-2.6,46.1,9.6
original,120,1,False,False,91.5,130.5,90.0,120.0,80.0,True,1.0673,58.0,False,,,76.6,58.0,91.5,103.5,3.67,3.29,40.11,35.96,52.852,124.339,58.624,65.715,100.866,121.13,79.28,93.23,5.75,87.495,True,0.13,-5.15,False,-8.9,-4.4,-9.9,63.8,82.8,56.7,74.8,28.7
original,120,2,False,False,91.5,130.5,90.0,120.0,80.0,True,1.2336,58.0,False,,,73.3,58.0,91.5,103.5,3.67,3.29,40.11,35.96,61.787,120.636,46.099,74.537,101.132,123.13,75.81,91.58,6.091,81.715,True,0.62,3.79,False,6.5,-10.7,-11.5,85.8,107.3,66.0,85.1,36.1
original,120,3,True,False,91.5,130.5,90.0,120.0,80.0,True,1.1504,58.0,False,,,73.0,58.0,91.5,103.5,3.67,3.29,40.11,35.96,57.899,122.79,51.696,71.094,101.005,122.24,77.23,92.23,6.006,84.477,True,0.36,-0.1,True,-0.2,-7.7,-10.9,77.3,97.7,63.7,82.6,32.0
consistent,56,1,False,True,58.5,128.5,79.5,120.0,79.5,True,1.0,25.0,False,,,114.2,25.0,58.5,95.83,4.4,4.67,75.21,79.83,29.207,269.944,191.102,78.834,84.731,103.42,67.18,79.26,4.592,58.247,True,0.37,4.21,False,16.8,-0.4,-17.3,4.8,-1.2,4.4,-1.7,8.7
consistent,56,2,True,True,58.5,128.5,79.5,120.0,79.5,True,0.8,25.0,False,,,117.5,25.0,58.5,95.83,4.4,4.67,75.21,79.83,25.384,293.811,219.229,74.576,78.692,96.59,62.05,73.57,4.186,56.128,True,1.75,0.38,True,1.5,-4.1,-23.2,-0.8,-6.6,-4.9,-10.4,6.9
consistent,242,1,False,True,97.25,115.25,78.875,115.25,78.875,False,1.1164,33.0,False,,,79.0,33.0,97.25,91.0,4.03,4.2,41.44,43.19,28.061,220.747,158.803,61.944,80.599,101.27,61.85,74.99,5.106,82.424,True,0.72,-4.94,False,-15.0,-15.2,-17.6,49.5,43.4,26.7,21.6,24.8
consistent,242,2,False,True,97.25,115.25,78.875,115.25,78.875,False,1.2582,33.0,False,,,78.8,33.0,97.25,91.0,4.03,4.2,41.44,43.19,36.807,203.97,128.894,75.078,80.918,104.5,58.66,73.94,5.517,73.483,True,1.15,3.81,False,11.5,-24.4,-18.7,81.2,73.8,36.9,31.4,34.5
consistent,242,3,True,True,97.25,115.25,78.875,115.25,78.875,False,1.1873,33.0,False,,,77.3,33.0,97.25,91.0,4.03,4.2,41.44,43.19,32.672,212.141,142.83,69.311,80.766,103.16,60.14,74.48,5.388,77.739,True,0.97,-0.33,True,-1.0,-20.1,-18.2,67.3,60.5,33.7,28.3,28.1
consistent,264,1,True,False,85.0,91.0,63.0,91.0,63.0,False,1.0288,56.0,False,,,80.3,56.0,85.0,72.33,3.87,3.9,45.53,45.88,56.625,119.617,51.884,67.734,78.135,91.41,62.91,72.41,5.687,83.961,True,0.08,0.62,True,1.1,-1.2,0.1,48.8,47.6,47.0,45.8,19.6
