run_id,group,condition,bp_baseline_sys,bp_baseline_dia,bp_baseline_map_formula,hr_baseline_bpm,knobs,crashed,fatal_marker_lines,error,window_last_s,window_prev_s,ef_pct,edv_ml,esv_ml,sv_ml,map_mmhg,co_l_min,hr_bpm,ef_sd_pct,n_beats,prev_ef_pct,prev_edv_ml,prev_esv_ml,prev_sv_ml,prev_map_mmhg,prev_co_l_min,prev_hr_bpm,max_drift_pct,max_drift_output,settled,sbp_mmhg,dbp_mmhg,map_formula_mmhg
A_off_bp_low,A,False,90.0,60.0,70.0,,,False,,,180-240,120-180,57.373,116.943,49.849,67.093,76.455,4.807,71.645,0.005,71,57.356,116.872,49.839,67.032,76.45,4.811,71.773,0.18,hr_bpm,True,90.16,60.42,70.34
A_off_bp_high,A,False,120.0,80.0,93.33,,,False,,,180-240,120-180,53.435,136.704,63.657,73.047,101.164,5.239,71.727,0.004,70,53.422,136.642,63.645,72.996,101.157,5.244,71.84,0.16,hr_bpm,True,120.31,80.03,93.46
B_on_bp_low,B,True,90.0,60.0,70.0,,,False,,,180-240,120-180,28.246,199.819,143.378,56.439,63.734,3.99,70.697,0.094,70,28.198,199.605,143.321,56.283,63.729,3.994,70.971,0.39,hr_bpm,True,77.22,51.2,59.87
B_on_bp_high,B,True,120.0,80.0,93.33,,,False,,,180-240,120-180,24.194,250.642,190.001,60.639,83.602,4.329,71.381,0.007,70,24.171,250.41,189.884,60.525,83.591,4.334,71.614,0.33,hr_bpm,True,102.09,66.76,78.53
C_off_ar_1.3,C,False,,,,,"{""ArterialResistanceMultiplier"": 1.3}",False,,,180-240,120-180,53.777,135.446,62.607,72.838,95.169,5.254,72.129,0.005,70,53.728,135.226,62.572,72.638,95.156,5.246,72.221,0.28,sv_ml,True,114.52,74.16,87.61
C_off_vr_1.3,C,False,,,,,"{""VenousResistanceMultiplier"": 1.3}",False,,,180-240,120-180,51.9,125.232,60.237,64.994,94.939,4.965,76.391,0.012,76,51.857,125.031,60.194,64.837,94.917,4.971,76.668,0.36,hr_bpm,True,112.37,75.7,87.92
C_off_hrm_1.2,C,False,,,,,"{""HeartRateMultiplier"": 1.2}",False,,,180-240,120-180,51.504,126.432,61.315,65.112,95.342,5.354,82.226,0.335,81,51.753,126.932,61.24,65.71,95.379,5.392,82.054,0.91,sv_ml,True,112.93,76.01,88.32
D_on_sr_1.3,D,True,,,,,"{""SystemicResistanceMultiplier"": 1.3}",False,,,180-240,120-180,26.34,241.9,178.184,63.721,78.922,3.783,59.366,0.137,58,26.445,242.309,178.23,64.086,78.913,3.773,58.88,0.82,hr_bpm,True,98.12,61.19,73.5
D_on_ar_1.3,D,True,,,,,"{""ArterialResistanceMultiplier"": 1.3}",False,,,180-240,120-180,23.575,247.228,188.944,58.283,78.313,4.233,72.636,0.007,72,23.547,246.924,188.782,58.141,78.302,4.245,73.018,0.52,hr_bpm,True,96.29,62.5,73.76
E_off_hr90_bphigh_sv0.8,E,False,120.0,80.0,93.33,90.0,"{""StrokeVolumeMultiplier"": 0.8}",False,,,180-240,120-180,44.542,137.653,76.337,61.305,96.451,5.326,86.88,0.382,86,44.116,136.986,76.553,60.432,96.197,5.331,88.222,1.52,hr_bpm,True,116.25,76.01,89.43
E_on_hr90_bphigh_sv1.2,E,True,120.0,80.0,93.33,90.0,"{""StrokeVolumeMultiplier"": 1.2}",False,,,180-240,120-180,34.313,214.283,140.756,73.529,82.777,5.208,70.833,0.005,70,34.509,215.013,140.813,74.237,82.789,5.242,70.607,0.95,sv_ml,True,106.78,60.31,75.8
