run_id,source,condition,knob,value,hr_baseline_bpm,reference,crashed,fatal_marker_lines,window_last_s,window_prev_s,ef_pct,edv_ml,esv_ml,sv_ml,map_mmhg,co_l_min,hr_bpm,ef_sd_pct,n_beats,prev_ef_pct,prev_edv_ml,prev_esv_ml,prev_sv_ml,prev_map_mmhg,prev_co_l_min,prev_hr_bpm,max_drift_pct,max_drift_output,settled,pct_change_ef_pct,pct_change_edv_ml,pct_change_esv_ml,pct_change_sv_ml,pct_change_map_mmhg,pct_change_co_l_min,pct_change_hr_bpm
off_baseline,"reused A_prod gu120 run (180 s, no modifiers)",False,,,,,False,,120-180,60-120,54.547,133.893,60.859,73.034,95.184,5.246,71.825,0.004,71,54.532,133.822,60.846,72.975,95.179,5.25,71.938,0.16,hr_bpm,True,,,,,,,
on_baseline,new scan run (240 s),True,,,,off_baseline,False,,180-240,120-180,25.219,240.74,180.027,60.712,78.397,4.291,70.686,0.079,70,25.182,240.513,179.947,60.564,78.391,4.296,70.932,0.35,hr_bpm,True,-53.8,79.8,195.8,-16.9,-17.6,-18.2,-1.6
off_sv_0.6,new scan run (240 s),False,StrokeVolumeMultiplier,0.6,,off_baseline,False,,180-240,120-180,42.838,153.413,87.693,65.705,85.456,4.559,69.393,0.156,69,42.426,152.685,87.906,64.77,85.153,4.572,70.582,1.68,hr_bpm,True,-21.5,14.6,44.1,-10.0,-10.2,-13.1,-3.4
off_sv_0.8,new scan run (240 s),False,StrokeVolumeMultiplier,0.8,,off_baseline,False,,180-240,120-180,49.82,142.38,71.447,70.932,91.661,4.946,69.735,0.003,69,49.418,141.5,71.572,69.925,91.495,4.946,70.736,1.44,sv_ml,True,-8.7,6.3,17.4,-2.9,-3.7,-5.7,-2.9
off_sv_1.2,new scan run (240 s),False,StrokeVolumeMultiplier,1.2,,off_baseline,False,,180-240,120-180,64.887,129.228,45.375,83.842,95.502,5.522,65.867,0.165,64,64.99,129.608,45.375,84.245,95.512,5.542,65.78,0.48,sv_ml,True,19.0,-3.5,-25.4,14.8,0.3,5.3,-8.3
off_sr_0.7,new scan run (240 s),False,SystemicResistanceMultiplier,0.7,,off_baseline,False,,180-240,120-180,60.697,142.634,56.059,86.557,82.973,6.125,70.759,0.246,70,60.344,141.67,56.178,85.466,82.815,6.154,72.003,1.73,hr_bpm,True,11.3,6.5,-7.9,18.5,-12.8,16.8,-1.5
off_sr_1.3,new scan run (240 s),False,SystemicResistanceMultiplier,1.3,,off_baseline,False,,180-240,120-180,55.337,136.312,60.881,75.433,95.816,4.554,60.377,0.012,59,55.431,136.722,60.936,75.796,95.847,4.53,59.765,1.02,hr_bpm,True,1.4,1.8,0.0,3.3,0.7,-13.2,-15.9
off_sc_0.7,new scan run (240 s),False,SystemicComplianceMultiplier,0.7,,off_baseline,False,,180-240,120-180,64.17,178.202,63.85,114.361,96.246,6.078,53.145,0.077,53,64.303,178.95,63.88,115.057,96.285,6.115,53.145,0.61,co_l_min,True,17.6,33.1,4.9,56.6,1.1,15.9,-26.0
off_sc_1.3,new scan run (240 s),False,SystemicComplianceMultiplier,1.3,,off_baseline,False,,180-240,120-180,54.199,116.814,53.502,63.303,81.767,4.424,69.884,0.016,68,53.731,115.871,53.612,62.254,81.815,4.423,71.055,1.68,sv_ml,True,-0.6,-12.8,-12.1,-13.3,-14.1,-15.7,-2.7
off_vc_0.6,new scan run (240 s),False,VenousComplianceMultiplier,0.6,,off_baseline,False,,180-240,120-180,59.761,155.191,62.447,92.746,95.757,5.695,61.401,0.009,60,59.88,155.768,62.493,93.305,95.781,5.678,60.855,0.9,hr_bpm,True,9.6,15.9,2.6,27.0,0.6,8.6,-14.5
off_vc_1.4,new scan run (240 s),False,VenousComplianceMultiplier,1.4,,off_baseline,False,,180-240,120-180,54.018,124.084,57.057,67.026,89.099,4.77,71.17,0.003,71,53.686,123.305,57.106,66.188,88.749,4.784,72.281,1.54,hr_bpm,True,-1.0,-7.3,-6.2,-8.2,-6.4,-9.1,-0.9
off_hr_55,new scan run (240 s),False,,,55.0,off_baseline,False,,180-240,120-180,58.955,145.276,59.629,85.646,95.492,4.692,54.78,0.004,53,58.94,145.196,59.618,85.577,95.485,4.695,54.867,0.16,hr_bpm,True,8.1,8.5,-2.0,17.3,0.3,-10.6,-23.7
off_hr_90,new scan run (240 s),False,,,90.0,off_baseline,False,,180-240,120-180,50.116,125.031,62.371,62.659,94.461,5.616,89.622,0.058,90,50.093,124.959,62.364,62.595,94.476,5.619,89.77,0.16,hr_bpm,True,-8.1,-6.6,2.5,-14.2,-0.8,7.1,24.8
on_sv_1.2,new scan run (240 s),True,StrokeVolumeMultiplier,1.2,,on_baseline,False,,180-240,120-180,38.63,212.932,130.677,82.257,78.963,4.796,58.3,0.006,58,38.798,213.674,130.772,82.904,78.971,4.831,58.267,0.78,sv_ml,True,53.2,-11.6,-27.4,35.5,0.7,11.8,-17.5
on_sv_1.4,new scan run (240 s),True,StrokeVolumeMultiplier,1.4,,on_baseline,False,,180-240,120-180,49.562,196.064,98.89,97.179,79.245,5.095,52.427,0.011,52,49.722,196.789,98.942,97.883,79.27,5.11,52.207,0.72,sv_ml,True,96.5,-18.6,-45.1,60.1,1.1,18.7,-25.8
